timestamp_ns,pkt_len,parse_mode,first32_hex
1772244762825186110,5775,no_decode,02020202831600008210cc901188ccb0cd08d5ccb1cf00000001f62b6309cc91
1772244762828158103,5775,no_decode,02020202831600008210cc901188ccb0cd08d6ccb1cf00000001f62b728ccc91
1772244762831682240,5775,no_decode,02020202831600008210cc901188ccb0cd08d7ccb1cf00000001f62b813acc91
1772244764824120113,5775,no_decode,02020202831600008210cc901188ccb0cd08d8ccb1cf00000001f649e6decc91
1772244764827962950,5775,no_decode,02020202831600008210cc901188ccb0cd08d9ccb1cf00000001f649f703cc91
1772244764832127804,5775,no_decode,02020202831600008210cc901188ccb0cd08daccb1cf00000001f64a0754cc91
1772244766824715009,5775,no_decode,02020202831600008210cc901188ccb0cd08dbccb1cf00000001f6686cdecc91
1772244766828574420,5775,no_decode,02020202831600008210cc901188ccb0cd08dcccb1cf00000001f6687d28cc91
1772244766832729144,5775,no_decode,02020202831600008210cc901188ccb0cd08ddccb1cf00000001f6688d94cc91
1772244768824869242,5775,no_decode,02020202831600008210cc901188ccb0cd08deccb1cf00000001f686f0eccc91
1772244768828314379,5775,no_decode,02020202831600008210cc901188ccb0cd08dfccb1cf00000001f68700ddcc91
1772244768833349910,5775,no_decode,02020202831600008210cc901188ccb0cd08e0ccb1cf00000001f68711d3cc91
1772244770827313529,5775,no_decode,02020202831600008210cc901188ccb0cd08e1ccb1cf00000001f6a57e35cc91
1772244770829213310,5775,no_decode,02020202831600008210cc901188ccb0cd08e2ccb1cf00000001f6a58864cc91
1772244770837585905,5775,no_decode,02020202831600008210cc901188ccb0cd08e3ccb1cf00000001f6a598b3cc91
1772244772824538139,5775,no_decode,02020202831600008210cc901188ccb0cd08e4ccb1cf00000001f6c3fa77cc91
1772244772828511791,5775,no_decode,02020202831600008210cc901188ccb0cd08e5ccb1cf00000001f6c40ad1cc91
1772244772832752347,5775,no_decode,02020202831600008210cc901188ccb0cd08e6ccb1cf00000001f6c41b79cc91
1772244774825439885,5775,no_decode,02020202831600008210cc901188ccb0cd08e7ccb1cf00000001f6e280facc91
1772244774829747496,5775,no_decode,02020202831600008210cc901188ccb0cd08e8ccb1cf00000001f6e29196cc91
1772244774833335447,5775,no_decode,02020202831600008210cc901188ccb0cd08e9ccb1cf00000001f6e2a184cc91
1772244776825410341,5775,no_decode,02020202831600008210cc901188ccb0cd08eaccb1cf00000001f7010643cc91
1772244776829304456,5775,no_decode,02020202831600008210cc901188ccb0cd08ebccb1cf00000001f7011526cc91
1772244776833508847,5775,no_decode,02020202831600008210cc901188ccb0cd08ecccb1cf00000001f701261dcc91
1772244778826202217,5775,no_decode,02020202831600008210cc901188ccb0cd08edccb1cf00000001f71f8c10cc91
1772244778830021796,5775,no_decode,02020202831600008210cc901188ccb0cd08eeccb1cf00000001f71f9be9cc91
1772244778834313074,5775,no_decode,02020202831600008210cc901188ccb0cd08efccb1cf00000001f71fac45cc91
